{
  "0": 2.5579547974132616e-16,
  "1": 0.4600502515272499,
  "2": -0.018207365279308663,
  "3": -0.18807569028791082,
  "4": -0.04865983633018085,
  "5": -0.06876493819406465,
  "6": -0.485515552187166,
  "7": 0.028762264361816375,
  "8": 0.055968434847097986,
  "9": 0.01967990332134992,
  "10": 0.16967664362089924,
  "11": 0.005648010450726617,
  "12": 0.012901363661381247,
  "13": -0.042032957705697344,
  "14": -0.059624716811319534,
  "15": -0.0033602557713236546,
  "16": -0.004534965901340321,
  "17": 0.008594237502243602,
  "18": 0.05882150511010173,
  "19": -0.011711503704127177,
  "20": -0.09440334312611323,
  "21": -0.1334539988064313,
  "22": -0.14748313988541392,
  "23": -0.028044709244517796,
  "24": -0.058084537698904974,
  "25": -0.02105757410040534,
  "26": -0.012064116575160284,
  "27": -0.18628077173227697,
  "28": 0.07784533948767952,
  "29": 0.4377012359169135,
  "30": -0.12642334334914898,
  "31": 0.061405127667845595,
  "32": 0.09581087438063582,
  "33": 0.10868941260589114,
  "34": -0.055470438796324274,
  "35": 0.10414299796403471,
  "36": 0.029357766827255254,
  "37": -0.0518707535030204,
  "38": -0.10921941863781082,
  "39": -0.022677664334169116,
  "40": -0.03765166926368232,
  "41": 0.02454621611887404,
  "42": -0.005227325899532239,
  "43": 0.34292861297491867,
  "44": 0.1265222460341285,
  "45": -0.11107764558119419,
  "46": 0.006769511198425257,
  "47": 0.15795936879977762,
  "48": 0.06654405081237111,
  "49": 0.06926832654825058
}