{
  "X_mean": {
    "accommodates": 3.1583740934390283,
    "bathrooms": 1.2387417777028167,
    "cleaning_fee": 0.7349830132761487,
    "host_identity_verified": 0.6693973929595451,
    "host_response_rate": 71.20133484326435,
    "number_of_reviews": 20.952702214297762,
    "review_scores_rating": 94.50266245813556,
    "bedrooms": 1.2682697636315448,
    "beds": 1.7164542322241765,
    "neighbourhood_median_price": 120.46789388667314,
    "property_type_grouped_House": 0.254632195262993,
    "property_type_grouped_Other": 0.011348577211285932,
    "room_type_Private room": 0.4147411030527914,
    "room_type_Shared room": 0.02896176180035178,
    "bed_type_Real Bed": 0.9712309953497338,
    "cancellation_policy_moderate": 0.25788497217068646,
    "cancellation_policy_strict": 0.4380165289256198,
    "cancellation_policy_super_strict_60": 0.00026504108136761196,
    "city_Chicago": 0.05139387514155603,
    "city_LA": 0.30156856130882104,
    "city_NYC": 0.43984772185143245,
    "city_SF": 0.0858010264318242,
    "accommodates_squared": 14.65147097800159,
    "bedrooms_squared": 2.3398549502445607,
    "bathrooms_squared": 1.878448545888249,
    "beds_squared": 4.561790713924295,
    "accommodates_bedrooms": 5.32486808182541,
    "accommodates_bathrooms": 4.544310049875913,
    "bedrooms_bathrooms": 1.8644796761679878,
    "accommodates_beds": 7.650892706551334,
    "LA_neighbourhood_price": 34.24682552887887,
    "SF_neighbourhood_price": 14.195636460932825,
    "NYC_neighbourhood_price": 50.735031202455126,
    "LA_accommodates": 1.0337565959087296,
    "SF_accommodates": 0.2719321494831699,
    "NYC_accommodates": 1.2377900392742693,
    "Chicago_accommodates": 0.19709418596246053,
    "private_room_bedrooms": 0.42548731417005997,
    "private_room_accommodates": 0.8251692648724188,
    "shared_room_accommodates": 0.05777895573813941,
    "house_bedrooms": 0.41599402452834733,
    "house_accommodates": 0.9547984483049418,
    "reviews_rating": 1974.6769872057441,
    "reviews_per_accommodates": 5.7340295582558545,
    "has_reviews": 0.7871720116618076,
    "strict_policy_accommodates": 1.5997638724911452,
    "cleaning_per_accommodates": 0.2016370768345466,
    "verified_response_rate": 50.23916343396863,
    "luxury_indicator": 8.232573548739609
  },
  "X_scale": {
    "accommodates": 2.1624393780854954,
    "bathrooms": 0.5864873008530658,
    "cleaning_fee": 0.4413422520806968,
    "host_identity_verified": 0.4704301470553407,
    "host_response_rate": 43.01208726922379,
    "number_of_reviews": 37.97255902312336,
    "review_scores_rating": 6.931873828574661,
    "bedrooms": 0.8551881412312418,
    "beds": 1.2710529424866643,
    "neighbourhood_median_price": 45.81696439240145,
    "property_type_grouped_House": 0.43565426704962046,
    "property_type_grouped_Other": 0.10592349600804071,
    "room_type_Private room": 0.4926772985345938,
    "room_type_Shared room": 0.16769907022333624,
    "bed_type_Real Bed": 0.16715666011768482,
    "cancellation_policy_moderate": 0.43747035705200726,
    "cancellation_policy_strict": 0.49614317420838455,
    "cancellation_policy_super_strict_60": 0.016277924763089414,
    "city_Chicago": 0.22079978428316044,
    "city_LA": 0.45893895469762525,
    "city_NYC": 0.4963685157557209,
    "city_SF": 0.2800700096316448,
    "accommodates_squared": 26.012669550180302,
    "bedrooms_squared": 4.037046673985068,
    "bathrooms_squared": 2.961611017072274,
    "beds_squared": 11.101216232845836,
    "accommodates_bedrooms": 8.972994637531416,
    "accommodates_bathrooms": 6.389951673877058,
    "bedrooms_bathrooms": 2.762492422038176,
    "accommodates_beds": 14.564327128709873,
    "LA_neighbourhood_price": 57.467293690583645,
    "SF_neighbourhood_price": 47.62557091503665,
    "NYC_neighbourhood_price": 64.1486340688464,
    "LA_accommodates": 2.0682154257535785,
    "SF_accommodates": 1.0637009655619205,
    "NYC_accommodates": 1.856631934743105,
    "Chicago_accommodates": 1.0258656333952978,
    "private_room_bedrooms": 0.5378325920258978,
    "private_room_accommodates": 1.1606332606452716,
    "shared_room_accommodates": 0.46061272894855976,
    "house_bedrooms": 0.9144667867387726,
    "house_accommodates": 2.162390322273643,
    "reviews_rating": 3588.840109077445,
    "reviews_per_accommodates": 11.368059498652245,
    "has_reviews": 0.40930701889670873,
    "strict_policy_accommodates": 2.4550150118051364,
    "cleaning_per_accommodates": 0.15175710049007923,
    "verified_response_rate": 48.65294769009255,
    "luxury_indicator": 35.97272685811272
  },
  "y_mean": 159.91986121632843,
  "y_scale": 166.78175675350815
}